Transaction,Item
178,Coffee
178,Pastry
179,Coffee
179,Pastry
180,Jam
180,Tea
181,Tea
181,Tea
182,Pastry
182,Pastry
182,Ella's Kitchen Pouches
183,Pastry
184,Farm House
184,NONE
184,Tea
185,Tea
185,Victorian Sponge
186,Tea
186,Pastry
187,Bread
188,Coffee
189,Bread
189,Coffee
190,Coffee
190,Pastry
190,Pastry
191,Soup
191,Tea
192,NONE
192,Bread
193,Coffee
194,Bread
194,Bread
195,Bread
195,NONE
195,Scandinavian
196,Bread
196,Cake
196,Cookies
197,Coffee
197,Coffee
197,Tea
198,Coffee
198,Cookies
199,Coffee
200,Bread
201,NONE
201,Coffee
201,Pastry
202,Coffee
202,Coffee
203,Coffee
204,Scandinavian
204,Bread
205,Coffee
205,Coffee
205,Pastry
206,Scandinavian
206,Coffee
206,Pastry
207,Hearty & Seasonal
207,Coffee
207,Muffin
208,Bread
209,Coffee
210,Scandinavian
211,Soup
211,Coffee
212,Coffee
212,Cookies
212,Tartine
213,Bread
214,Bread
214,Tea
214,Tea
215,Pastry
215,Coffee
216,Tartine
216,Coffee
217,Bread
217,Cookies
218,Sandwich
219,Tartine
220,Bread
220,Pastry
221,Bread
221,Scandinavian
222,Scandinavian
223,Alfajores
223,Coffee
224,Coffee
225,Coffee
225,Coke
225,Soup
226,Cake
227,Tea
227,Sandwich
227,Soup
228,Coffee
229,Hearty & Seasonal
229,Bread
230,Alfajores
231,Cake
232,Tea
232,Tea
232,Bread
233,Coffee
233,Tea
233,Bread
233,Soup
234,Coffee
234,Coffee
235,Scandinavian
236,Fudge
237,Coffee
237,Sandwich
238,Tea
238,Bread
238,Cookies
238,Pastry
239,Muffin
240,Scandinavian
241,Jam
241,Tea
242,Juice
242,Tea
242,Alfajores
243,Cake
243,Muffin
243,Coffee
243,Soup
244,Hot chocolate
244,Cake
244,Coffee
245,Cake
245,Cookies
246,Tea
246,Bread
247,Alfajores
247,Coffee
247,Coffee
247,Coffee
247,Juice
248,Coffee
248,Tea
248,Soup
249,Hot chocolate
250,Cookies
251,Coffee
251,Medialuna
252,Bread
252,Eggs
253,Scandinavian
254,Medialuna
255,Coffee
255,Coffee
255,Pastry
256,Coffee
256,Bread
257,Bread
257,Coffee
257,Pastry
257,NONE
258,Coffee
258,Pastry
259,Pastry
260,Coffee
261,Coffee
262,Coffee
262,Hot chocolate
262,Pastry
263,Coke
264,Coffee
264,Jam
265,Tea
266,NONE
266,Bread
266,Pastry
267,Coffee
267,Alfajores
267,Farm House
268,Tea
268,Pastry
269,Bread
270,Coffee
270,Jam
271,Coffee
271,Tea
271,Coffee
271,Pastry
272,Farm House
274,Coffee
274,NONE
274,Bread
274,Pastry
275,Farm House
276,Coffee
276,Coffee
276,Pastry
277,Farm House
278,Coffee
278,Pastry
279,NONE
279,Coffee
280,Coffee
280,Pastry
281,Bread
281,Bread
282,Bread
282,Coffee
282,Pastry
283,Pastry
283,Coffee
284,Coffee
284,Farm House
285,Farm House
285,Farm House
285,Pastry
286,Bread
286,Juice
286,Alfajores
287,Coffee
287,Pastry
288,Bread
288,Alfajores
289,Bread
290,Coffee
290,Cookies
291,Coffee
292,Cookies
293,Hearty & Seasonal
294,Coffee
295,Jam
295,Tartine
295,Bread
296,Farm House
296,Scandinavian
297,Hearty & Seasonal
297,Coffee
297,Muffin
297,Scandinavian
298,Tartine
298,Pick and Mix Bowls
298,NONE
298,Coffee
298,Coke
299,Bread
300,Scandinavian
300,Farm House
300,Alfajores
300,Coffee
300,Coffee
301,Juice
301,Mineral water
301,Soup
302,Soup
302,Tea
303,Juice
303,Tea
303,Cookies
303,Soup
304,Hearty & Seasonal
304,Tea
305,Fudge
306,Coffee
306,Mineral water
306,Juice
306,Soup
307,Hearty & Seasonal
308,Hearty & Seasonal
308,Smoothies
309,Hearty & Seasonal
309,Tea
310,Coffee
310,Sandwich
310,Sandwich
311,Cookies
311,Farm House
312,Soup
312,Tea
312,Juice
313,Soup
314,Coffee
316,Bread
317,Cookies
317,Tea
318,Soup
318,Hearty & Seasonal
318,Bread
319,Coffee
320,Coffee
321,Coffee
321,Tea
322,Bread
323,Tea
324,Coffee
324,Tea
325,Coffee
326,Fudge
327,Tea
328,Soup
328,Tea
329,Juice
330,Alfajores
331,Bread
332,Coffee
332,Alfajores
333,Juice
333,Alfajores
333,Cookies
333,Pick and Mix Bowls
333,Mineral water
334,Coffee
334,Alfajores
335,Fudge
336,Mighty Protein
336,Juice
337,Coffee
337,Mineral water
337,Alfajores
338,Mighty Protein
338,Coffee
339,Alfajores
340,Coffee
340,Bread
341,Medialuna
341,Medialuna
342,Medialuna
342,Bread
343,Farm House
344,Coffee
344,Pastry
345,Farm House
346,NONE
346,Coffee
346,Coffee
346,Pastry
346,Pastry
346,Coffee
347,Medialuna
348,Bread
348,NONE
348,Tea
348,Sandwich
349,Bread
350,Jam
350,Coffee
350,Farm House
351,Focaccia
352,Bread
353,Tartine
353,Pastry
353,Bread
353,My-5 Fruit Shoot
354,Farm House
354,Pastry
355,Bread
355,Pastry
356,Pastry
356,Bread
357,Jam
357,Coffee
358,Farm House
359,Bread
359,Pastry
360,Coffee
360,Tea
360,Bread
361,Jam
363,Pastry
363,Medialuna
363,Medialuna
364,Coffee
365,Tea
366,Bread
367,Bread
367,Pastry
368,Pastry
369,Farm House
370,Tea
371,Coffee
371,Brownie
371,Alfajores
371,Fudge
372,Bread
372,Fudge
372,Cookies
373,Coffee
374,Bread
375,Coffee
375,Coffee
375,Jam
375,Pastry
376,Soup
376,Coffee
377,Smoothies
377,Soup
377,Hearty & Seasonal
377,Pastry
378,Pastry
378,Bread
379,Pastry
379,Medialuna
380,NONE
380,Tea
380,Coffee
381,Bread
381,Cookies
382,Coffee
382,Coffee
382,Bread
382,Hearty & Seasonal
382,Pick and Mix Bowls
382,Sandwich
382,Focaccia
383,Coffee
384,Coffee
384,Sandwich
384,Brownie
385,Brownie
385,Cookies
386,Coffee
387,Coffee
387,NONE
388,Sandwich
388,NONE
388,Bread
388,Coffee
389,Coffee
389,Hot chocolate
390,Tea
390,NONE
391,Sandwich
391,Coffee
391,Brownie
392,Brownie
392,Pastry
392,Focaccia
392,Farm House
393,Cake
393,Focaccia
394,Soup
394,Hearty & Seasonal
394,Mineral water
395,Hearty & Seasonal
396,Hearty & Seasonal
397,Coffee
397,Coffee
397,Pastry
398,Coffee
399,Tea
399,Cake
400,Coffee
400,Soup
401,Bread
401,Focaccia
401,Fudge
402,Hot chocolate
402,Coffee
402,Alfajores
403,Brownie
403,Pastry
403,Cake
404,Medialuna
404,Alfajores
404,Dulce de Leche
405,Dulce de Leche
405,Alfajores
406,Bread
406,Cake
407,Cake
407,Coffee
408,Bread
409,Sandwich
410,Bread
410,Coffee
410,Alfajores
410,Medialuna
411,Coffee
412,Bread
412,Alfajores
413,Tea
413,Coffee
414,Bread
415,Dulce de Leche
416,Farm House
417,Fudge
418,Coffee
419,Coffee
419,Alfajores
419,Juice
419,Ella's Kitchen Pouches
419,Brownie
420,Alfajores
421,Alfajores
421,Brownie
421,Cookies
421,Bread
421,Juice
422,Cake
422,Cookies
423,Pick and Mix Bowls
424,Coffee
425,Farm House
426,Tea
427,Coffee
428,Focaccia
428,Farm House
429,Dulce de Leche
430,Juice
430,My-5 Fruit Shoot
430,Ella's Kitchen Pouches
430,Cookies
431,Bread
432,Hot chocolate
433,Coffee
435,Coffee
436,Coffee
437,Medialuna
438,Bread
438,Tea
438,Jam
439,Farm House
440,Bread
441,Coffee
441,NONE
442,Medialuna
442,Coffee
443,Bread
444,Medialuna
444,Pastry
444,Medialuna
445,Coffee
445,Coffee
445,Jam
446,Bread
446,Coffee
447,Coffee
447,Coffee
448,Bread
449,Hot chocolate
450,Bread
450,Medialuna
451,Bread
451,Jam
452,Jam
452,Bread
453,Coffee
453,Bread
454,Bread
454,Farm House
455,Bread
455,Coffee
455,Coffee
456,Tea
456,Pastry
457,Coffee
457,Coffee
458,Bread
459,Pastry
459,Brownie
460,Farm House
461,Coffee
462,Tea
462,Coffee
462,Honey
462,Cookies
463,Tea
464,Bread
465,Brownie
466,Bread
466,Coffee
467,Bread
468,Coffee
469,Tea
469,Tea
470,Tea
471,Coffee
471,Coffee
473,Bread
473,Coffee
474,Bread
474,Bread
475,Bread
475,The BART
476,Coffee
476,NONE
476,Brownie
477,Coffee
478,Coffee
478,Brownie
479,Mineral water
479,Coffee
479,Coffee
479,Tartine
479,NONE
480,Brownie
480,Coffee
481,Brownie
481,Juice
482,Coffee
482,Coffee
482,Bread
482,Tea
482,Alfajores
482,Medialuna
482,Pastry
482,Jam
483,Bread
484,Fudge
484,Fudge
485,Coffee
485,Pick and Mix Bowls
486,Pastry
486,Bread
487,Soup
487,Scandinavian
487,Coffee
487,Mineral water
488,Juice
488,Mineral water
488,Sandwich
488,Pick and Mix Bowls
489,Bread
489,NONE
489,NONE
489,Pastry
489,Bread
490,Hearty & Seasonal
490,Hearty & Seasonal
490,Coffee
490,Coffee
491,Bread
491,Hearty & Seasonal
491,Coffee
491,Mineral water
492,Coffee
492,Tartine
492,Sandwich
492,Brownie
493,Coffee
493,Brownie
494,Alfajores
494,Coffee
494,Tartine
495,Mighty Protein
495,Coffee
497,Coffee
497,Hot chocolate
498,Soup
498,Jam
498,Coffee
498,Coffee
499,Mineral water
499,Brownie
500,Scandinavian
500,Coffee
501,Scandinavian
501,Coffee
502,Coffee
502,Coffee
503,Coffee
503,Coffee
503,Hot chocolate
503,Brownie
503,Hearty & Seasonal
504,Tea
504,Cake
505,Medialuna
506,Alfajores
506,Tea
506,Coffee
507,Coffee
507,Juice
507,Brownie
507,Alfajores
508,Coffee
508,Sandwich
509,Bread
509,Soup
510,Soup
510,Bread
511,Bread
512,Tea
512,Brownie
512,Cookies
513,Coffee
513,Bread
513,Brownie
514,Brownie
515,Cookies
515,Bread
515,Jam
516,Coffee
517,Tea
517,Brownie
517,Tea
518,Alfajores
518,Medialuna
518,Scandinavian
519,Hot chocolate
519,Coffee
519,Alfajores
519,Cookies
520,Brownie
521,Fudge
522,Tea
522,Brownie
523,Dulce de Leche
523,Fudge
524,Bread
524,Scandinavian
524,Fudge
524,Granola
524,Pastry
524,Coffee
525,Bread
525,Fudge
526,Hot chocolate
526,Coffee
526,NONE
526,Medialuna
526,Medialuna
527,Bread
528,Bread
528,Medialuna
529,Bread
529,Coffee
529,Medialuna
529,Jam
530,Jam
530,Coffee
530,Brownie
531,Bread
531,Coffee
531,Jam
532,Scandinavian
533,Coffee
533,Cookies
534,Coffee
534,Coffee
534,Scandinavian
535,Bread
536,Bread
537,NONE
537,Jam
537,Brownie
537,Coffee
537,Coffee
538,Coffee
539,Brownie
539,Hot chocolate
540,Bread
541,Bread
541,Bread
541,Medialuna
542,Coffee
542,Hot chocolate
542,Brownie
543,Scandinavian
544,NONE
544,Basket
544,Bread
545,Coffee
545,Bread
545,Brownie
546,Cake
546,Fudge
547,Coffee
547,Hot chocolate
547,Coffee
547,Basket
548,Scandinavian
549,Scandinavian
550,Coffee
550,Bread
550,Coffee
550,Cake
550,Medialuna
551,Coffee
551,Coffee
551,Medialuna
552,Bread
552,Pastry
553,Bread
553,Brownie
554,Medialuna
554,Farm House
555,Bread
555,Medialuna
556,Brownie
556,Medialuna
556,Hot chocolate
556,Smoothies
556,Coffee
557,Bread
557,Tea
557,Coffee
557,Brownie
557,Medialuna
558,Medialuna
558,Medialuna
558,Cookies
559,Coffee
559,Medialuna
560,Bread
560,Fudge
562,Coffee
562,Tea
563,Coffee
563,Cookies
564,Pastry
564,Bread
564,Brownie
565,Bread
565,Coffee
565,Bread
566,NONE
566,Coffee
566,Coffee
566,Tea
567,Bread
568,Medialuna
568,Coffee
569,My-5 Fruit Shoot
569,Coffee
569,Brownie
570,Coffee
570,Fudge
571,Coffee
572,Coffee
572,Basket
573,Farm House
574,Farm House
575,Coffee
575,Brownie
576,Scandinavian
576,Brownie
576,My-5 Fruit Shoot
577,NONE
577,Tartine
577,Coffee
577,Hot chocolate
577,Brownie
578,Brownie
578,Bread
578,Hot chocolate
579,Jam
579,Fudge
580,Coffee
581,Fudge
583,Mighty Protein
583,Hearty & Seasonal
583,Coffee
583,Tea
583,Cake
584,Coffee
585,Scandinavian
586,Cake
586,Victorian Sponge
586,Scandinavian
587,Tea
587,Cake
588,Coffee
588,Coffee
589,Coffee
589,Coffee
590,Bread
591,Frittata
592,Coffee
592,Coffee
592,My-5 Fruit Shoot
592,Brownie
593,Focaccia
593,Fairy Doors
594,NONE
594,Tea
594,Coffee
594,Coffee
594,NONE
595,Hot chocolate
595,Hearty & Seasonal
595,Pick and Mix Bowls
595,Brownie
596,Frittata
596,Coffee
597,Bread
597,Brownie
598,Frittata
599,Scandinavian
600,Bread
601,Farm House
602,Pick and Mix Bowls
602,Jam
602,Soup
602,Brownie
603,Hearty & Seasonal
603,Coffee
603,Tea
604,Bread
605,Bread
605,Frittata
606,Scandinavian
608,NONE
608,Tartine
608,Hot chocolate
608,Coffee
609,Coffee
609,Mighty Protein
610,Frittata
610,Coffee
611,Scandinavian
612,Hearty & Seasonal
612,Coffee
612,Mineral water
613,Scandinavian
615,Bread
615,Coffee
616,Hearty & Seasonal
616,Soup
616,Bread
616,Coffee
617,Brownie
617,Cake
617,Tea
618,Mighty Protein
618,Coffee
620,Coffee
620,Tea
620,Brownie
620,Soup
621,Cake
622,Hot chocolate
622,Coffee
622,Cake
623,Hearty & Seasonal
623,Coffee
624,Coffee
625,Frittata
625,Coffee
625,Brownie
626,Sandwich
626,Frittata
626,Coke
626,Mineral water
626,Brownie
627,Granola
627,Scandinavian
628,Coffee
628,Coke
628,Coffee
629,Tea
629,Tea
629,Brownie
629,Cake
630,Fudge
631,Coffee
632,Brownie
633,Cake
634,Tea
635,Coffee
635,Coffee
635,Coffee
635,Soup
635,Sandwich
635,Cake
636,Coffee
636,Bread
636,Brownie
637,Bread
637,Coffee
637,Brownie
638,Coffee
638,Bread
638,Brownie
639,Brownie
639,Coffee
640,Coffee
640,Soup
640,Brownie
641,Fudge
642,Bread
642,Focaccia
643,Bread
643,Farm House
643,Jam
644,Hot chocolate
644,Brownie
645,Hot chocolate
646,Coffee
646,Brownie
647,Medialuna
647,Pastry
648,Bread
650,Coffee
650,Pastry
650,Bread
651,NONE
651,Coffee
651,Mineral water
652,Pastry
652,Bread
652,Hot chocolate
653,Bread
654,Bread
655,Jam
655,Coffee
655,Coffee
655,Bread
656,NONE
656,Coffee
656,Coffee
656,Pastry
657,NONE
657,Medialuna
657,Coffee
657,Coffee
657,Focaccia
657,Hearty & Seasonal
658,Bread
658,Farm House
658,Coffee
658,Jam
659,Farm House
660,Coffee
660,Tea
660,Pastry
660,Medialuna
661,Pastry
661,Medialuna
661,Coffee
662,Coffee
662,Hot chocolate
662,Basket
662,Farm House
663,Pastry
663,Farm House
664,Hot chocolate
664,Coffee
664,My-5 Fruit Shoot
665,Pastry
665,Medialuna
665,Muffin
666,Farm House
667,Muffin
667,Pastry
667,Focaccia
668,Coffee
668,Tea
669,Bread
670,Focaccia
671,Coffee
671,Hot chocolate
671,Pastry
671,Jam
672,Bread
673,Coffee
673,Pastry
673,Bread
674,Tea
674,NONE
675,Hot chocolate
675,Coffee
675,Mineral water
676,Coffee
676,Coffee
677,Coffee
678,NONE
678,Jam
678,Coffee
678,Coffee
680,Muffin
681,Bread
682,Bread
683,Bread
684,NONE
684,Muffin
684,Hot chocolate
684,Coffee
685,Muffin
685,Fudge
686,Bread
687,Bread
688,Farm House
689,Coffee
689,Muffin
690,Focaccia
691,Bread
691,Tea
692,Coffee
692,Hot chocolate
693,Coffee
693,Tartine
693,Coffee
693,Pick and Mix Bowls
693,Jam
695,Jam
696,Tartine
697,Bread
697,Coffee
698,Coffee
698,Coffee
698,Mineral water
698,Juice
698,Tartine
698,Pick and Mix Bowls
699,Bread
699,Tea
699,Juice
700,Coffee
700,Coffee
700,Cake
701,Farm House
702,Farm House
703,Cake
703,Brownie
703,Coffee
703,Coffee
704,Focaccia
704,Coffee
705,Tea
705,Coffee
705,Muffin
706,Coffee
707,Tea
707,Coffee
708,Hearty & Seasonal
708,Cake
708,Coffee
709,Bread
709,Tea
709,Cake
710,Mighty Protein
710,Coffee
711,Hot chocolate
711,Muffin
712,Coffee
712,Coffee
712,Soup
712,Mighty Protein
713,Jam
714,Coffee
714,Alfajores
715,Cake
715,Hot chocolate
715,Alfajores
716,Hot chocolate
716,Tea
716,Muffin
717,Brownie
718,Cake
718,Coffee
719,Victorian Sponge
719,Alfajores
719,Tea
720,Bread
721,Tartine
721,Tea
721,Tartine
722,Mighty Protein
722,Tea
723,Bread
723,Fudge
724,Medialuna
724,Tartine
724,Coffee
725,Pastry
725,Bread
726,Pastry
726,Bread
727,Coffee
727,Tea
727,Alfajores
727,Alfajores
728,Alfajores
728,Alfajores
728,Coffee
729,Coffee
729,Alfajores
730,Alfajores
730,Pastry
732,Alfajores
733,Pastry
733,Tea
733,Alfajores
733,Hearty & Seasonal
734,Tea
734,Sandwich
735,Empanadas
735,Tea
736,Alfajores
736,Alfajores
736,Tea
737,Alfajores
738,Pastry
738,Dulce de Leche
739,Coffee
739,Pastry
740,Farm House
740,Coffee
741,Bread
741,Scandinavian
741,Medialuna
742,Bread
743,Pastry
743,Tea
743,Alfajores
744,Pastry
744,Coffee
745,Bread
745,Pastry
745,Muffin
745,Farm House
746,Medialuna
746,Tea
747,Alfajores
748,Sandwich
748,Tea
749,Tea
749,Bread
750,Bread
750,Coffee
750,Pastry
751,Coffee
751,Coffee
751,Muffin
751,Alfajores
751,Empanadas
752,Coffee
753,Bread
754,Coffee
755,Coffee
756,Bread
757,Bread
757,Pastry
757,Medialuna
757,Tea
758,Tea
758,Bread
759,Muffin
760,Coffee
760,Muffin
761,Coffee
761,Bread
761,Pastry
761,Medialuna
762,Coffee
762,Coffee
762,Muffin
763,Muffin
763,Hot chocolate
763,Scandinavian
763,Bread
764,Farm House
765,Muffin
766,Coffee
767,Bread
768,Coffee
768,Coffee
768,Cookies
769,Coffee
769,Coffee
770,Muffin
771,Coffee
771,Tea
771,Keeping It Local
772,Coffee
772,Medialuna
773,Bread
774,Tartine
774,Scandinavian
775,Coffee
775,Tea
776,Bread
777,Coffee
777,Coke
778,Coffee
778,Muffin
779,Coffee
779,Bread
779,Coffee
779,Medialuna
779,Muffin
779,Scandinavian
780,Bread
781,Coke
782,Bread
782,Scandinavian
783,Coffee
784,Bread
785,Scandinavian
785,Bread
786,Fudge
786,Fudge
787,Soup
787,Hearty & Seasonal
787,Coffee
788,Coke
789,NONE
789,Coffee
789,Cookies
789,Tea
790,Pastry
790,Tea
790,Coffee
791,Bread
792,Coffee
792,Medialuna
793,Coffee
793,Coffee
793,Muffin
793,Sandwich
793,Soup
794,Tea
794,Coffee
794,Muffin
795,Alfajores
796,Bread
797,Coffee
797,Medialuna
798,Coffee
799,Coffee
800,Medialuna
802,Empanadas
802,Bread
802,Scandinavian
803,Coffee
803,Tartine
804,Tea
805,Scandinavian
806,Muffin
807,Scandinavian
807,Bread
808,Bread
809,Coffee
810,Bread
811,Bread
812,Coffee
812,Coffee
813,Cookies
813,Scandinavian
814,Coffee
814,Bread
814,Empanadas
814,Medialuna
815,Coffee
815,Pastry
816,Bread
817,Pastry
817,Tea
818,Coffee
818,Coffee
818,Pastry
819,Coffee
819,Bread
820,Coffee
820,Keeping It Local
821,Fudge
822,NONE
822,Tartine
822,Coffee
822,Coffee
824,Hot chocolate
824,Coffee
824,Pastry
824,Medialuna
825,Alfajores
825,Coffee
826,Coffee
828,Coffee
828,Coffee
828,Medialuna
829,Coke
830,Coffee
830,Coffee
830,Alfajores
831,Muffin
832,Farm House
832,Brownie
832,Fudge
833,Coffee
833,Coffee
834,Tea
834,Muffin
834,Farm House
835,Coffee
835,Pastry
836,Pastry
836,Brownie
837,Medialuna
838,Coffee
839,Pastry
839,Coffee
839,Juice
840,Coffee
840,Bread
841,Tea
841,Coffee
842,Tea
842,Alfajores
843,Alfajores
843,Coffee
844,Scandinavian
845,Pastry
845,Medialuna
846,Brownie
847,Farm House
848,Coffee
848,Cookies
849,Soup
850,Art Tray
850,Coffee
850,Coffee
850,Brownie
851,Coffee
852,Farm House
853,Soup
853,Art Tray
853,Alfajores
853,Frittata
854,Sandwich
854,Coffee
855,Tea
856,Farm House
857,Scandinavian
857,Muffin
858,Farm House
859,Scandinavian
860,Soup
861,Hearty & Seasonal
861,Tea
861,Bread
862,Hot chocolate
863,Coffee
863,Sandwich
863,Hearty & Seasonal
864,Brownie
864,Hearty & Seasonal
864,Sandwich
864,Coffee
865,Medialuna
865,Coffee
866,Coffee
866,Brownie
866,Soup
867,Sandwich
867,Sandwich
867,Alfajores
867,Alfajores
867,Focaccia
868,Farm House
868,Tartine
869,Bread
870,Coffee
871,Hot chocolate
871,Tea
871,Muffin
872,Pastry
873,Coffee
873,Brownie
873,Hearty & Seasonal
873,Soup
873,Bowl Nic Pitt
874,Coffee
875,Alfajores
875,Medialuna
875,Scandinavian
875,Farm House
876,Soup
876,Coffee
877,Tea
877,Tea
878,Coffee
878,Tea
878,Cookies
879,Tea
879,Muffin
880,Coffee
880,Coffee
880,Brownie
881,Coffee
882,Coffee
883,Coffee
884,Farm House
885,Coffee
885,Bread Pudding
886,Coffee
886,Medialuna
887,Hot chocolate
888,Coffee
888,Hot chocolate
888,Farm House
889,Pastry
889,Coffee
890,Bread
891,Pastry
891,Coffee
892,Coffee
892,Coffee
893,Coffee
893,Pastry
894,Farm House
895,Bread
896,Coffee
896,Hot chocolate
897,Bread
898,Coffee
898,Focaccia
898,Coffee
898,Medialuna
898,Bread
899,Coffee
900,Bread
900,Keeping It Local
901,Bread
901,Coffee
902,Bread
902,NONE
903,Bread
903,Medialuna
904,Coffee
905,Coffee
905,Coffee
905,Medialuna
906,Coffee
906,Cookies
906,Tartine
907,Tea
907,Bread
908,Bread
908,Keeping It Local
908,Coffee
909,Coffee
909,Medialuna
910,Coffee
910,Medialuna
911,Tea
912,Juice
912,Coke
912,Soup
913,Bread
914,Brownie
915,Brownie
915,Bread
915,Coffee
916,Coffee
916,Pastry
916,Bread
916,Hearty & Seasonal
917,Bread
917,Coffee
917,Brownie
918,Coffee
919,Bread
919,Cookies
920,Fudge
920,Eggs
921,Bread
922,Bread
922,Muffin
923,Soup
924,Coffee
924,Bread Pudding
925,Bread
925,Tartine
926,Sandwich
926,Coffee
926,Fudge
926,Jam
926,Bread Pudding
927,Bread Pudding
927,Soup
927,Coffee
928,Hearty & Seasonal
928,Bread
929,Coffee
929,Coffee
929,Cookies
930,Coffee
931,Bread
932,Coffee
932,Bread
932,Soup
933,Soup
933,Tea
933,Focaccia
934,Coffee
934,My-5 Fruit Shoot
934,Cookies
935,Coffee
935,Coffee
936,Coffee
936,Sandwich
936,Tea
937,Scandinavian
938,Adjustment
939,Coffee
940,Medialuna
940,Coffee
941,Bread
942,Bread
943,Coffee
943,Pastry
944,Farm House
945,Medialuna
945,Brownie
946,Bread
946,Pastry
946,Brownie
947,Pastry
947,Bread
947,Cookies
948,Bread
948,Bread
949,Cookies
949,Pastry
949,Coffee
949,Juice
950,Pastry
950,Cookies
950,Coffee
951,Coffee
951,Medialuna
952,Bread
953,Tartine
953,Coffee
954,Coffee
954,Medialuna
955,Bread
956,Bread
956,Coffee
956,Alfajores
956,Cookies
957,Bread
957,Coffee
957,Coffee
958,Bread
959,Bread
959,Coffee
959,Tea
959,Keeping It Local
959,Jam
959,Cookies
960,Pastry
960,Coffee
960,Juice
961,Medialuna
961,Bread
961,Focaccia
962,Pastry
962,Medialuna
962,Coffee
963,Coffee
964,Coffee
965,Coffee
965,Cookies
965,Truffles
965,Brownie
965,Bread
966,Art Tray
966,Tea
967,Bread
968,Coffee
969,Coffee
969,Cookies
970,Brownie
971,Bread
971,Tea
971,Empanadas
972,Bread
972,Hot chocolate
973,Coffee
973,Cookies
974,Bread
975,Tartine
975,Sandwich
975,Tea
975,Bread
976,Soup
976,Sandwich
976,Bread
977,Soup
977,Bread
978,Fudge
979,Coffee
980,Coffee
980,Empanadas
980,Soup
981,Bread
981,Coffee
981,Brownie
982,Coffee
982,Smoothies
982,Juice
982,Soup
982,Hearty & Seasonal
983,Alfajores
983,Sandwich
983,Hot chocolate
983,Coffee
983,Scandinavian
983,Cookies
984,Tea
984,Coffee
985,Bread
985,Cookies
986,Alfajores
986,Cookies
986,Bread
986,Bread
987,Tea
987,Brownie
988,Tea
988,Bread
989,Coffee
989,Alfajores
990,Bread
991,Empanadas
991,Coffee
992,Bread
993,Coffee
993,Hot chocolate
994,Coffee
995,Coffee
995,Brownie
996,Tea
996,Hot chocolate
996,Brownie
996,Truffles
997,Coffee
997,Keeping It Local
998,Coffee
999,Alfajores
1000,Scandinavian
1000,Chimichurri Oil
1001,Bread
1001,Truffles
1002,Brownie
1002,Focaccia
1003,Coffee
1003,Bread
1004,Coffee
1004,Tea
1004,Art Tray
1004,Cookies
1005,Coffee
1006,Bread
1007,Coffee
1007,Alfajores
1007,Alfajores
1007,Coke
1008,Bread
1009,Bread
1010,Bread
1010,Pastry
1010,Medialuna
1010,Coffee
1011,Coffee
1012,Bread
1012,Keeping It Local
1013,Bread
1014,Coffee
1014,Scandinavian
1015,Bread
1015,Farm House
1015,Pastry
1015,Medialuna
1016,Medialuna
1017,Coffee
1018,Bread
1018,Farm House
1019,Bread
1020,Keeping It Local
1020,Bread
1021,Bread
1021,Medialuna
1022,Tea
1023,Coffee
1023,Coffee
1023,Pastry
1023,Keeping It Local
1024,Coffee
1025,Tea
1026,Hot chocolate
1027,Tea
1027,Sandwich
1028,Bread
1029,Medialuna
1029,Muffin
1029,Brownie
1030,Coffee
1030,Muffin
1031,Bread
1032,Coffee
1032,Medialuna
1033,Coffee
1034,Coffee
1034,Medialuna
1035,Coffee
1036,Coffee
1036,Hot chocolate
1036,Brownie
1036,Bread
1037,Bread
1037,Bread
1038,NONE
1038,Bread
1039,Coffee
1039,Brownie
1040,Ella's Kitchen Pouches
1040,Coffee
1040,Coffee
1040,Medialuna
1040,Pastry
1041,Jam
1042,Bread
1043,Ella's Kitchen Pouches
1044,Coffee
1044,Coffee
1044,Muffin
1046,Tea
1046,Coffee
1046,Truffles
1047,Coffee
1048,Pastry
1048,Brownie
1049,Brownie
1049,Bread
1050,Bread
1050,Coffee
1051,Bread
1051,Pastry
1052,Alfajores
1052,Bread
1053,Brownie
1053,Muffin
1053,Scandinavian
1054,Coffee
1055,Fudge
1056,Tea
1056,Brownie
1057,Bread
1058,Bread
1058,Muffin
1059,Scandinavian
1060,Bread
1061,Coffee
1062,Bread
1063,Coffee
1063,Soup
1064,Soup
1065,Coffee
1065,Bread
1065,Coffee
1065,Alfajores
1065,Alfajores
1066,Farm House
1068,Farm House
1068,Chimichurri Oil
1069,Farm House
1070,Sandwich
1071,Soup
1071,Bread
1072,Coffee
1072,Art Tray
1072,Frittata
1072,Sandwich
1073,Scandinavian
1073,Fairy Doors
1074,Mineral water
1074,Cookies
1075,Brownie
1075,Coffee
1075,Coffee
1076,Bread
1076,Hearty & Seasonal
1077,Hearty & Seasonal
1077,Bread
1078,Scandinavian
1078,Focaccia
1080,Fudge
1081,Coffee
1081,Tea
1081,Cake
1082,Coffee
1083,Truffles
1084,Coffee
1084,Coffee
1084,Brownie
1085,Scandinavian
1086,Muffin
1086,Coffee
1087,Soup
1087,Coke
1087,Hot chocolate
1087,Fudge
1088,Sandwich
1088,Juice
1088,Alfajores
1089,Coffee
1089,Alfajores
1090,Brownie
1090,Coffee
1090,Hot chocolate
1090,Coffee
1090,Juice
1091,Scandinavian
1092,Coffee
1093,Hot chocolate
1093,My-5 Fruit Shoot
1093,Cake
1094,Soup
1094,Sandwich
1094,Tea
1094,Alfajores
1094,Alfajores
1095,Mineral water
1096,Bread
1097,Scandinavian
1098,Tea
1099,Tea
1100,Fudge
1101,Scandinavian
1102,Coffee
1103,Coffee
1104,Medialuna
1104,Coffee
1105,Bread
1106,Bread
1106,Pastry
1106,Medialuna
1106,Coffee
1107,Pastry
1107,Bread
1108,Coffee
1108,Coffee
1108,Hot chocolate
1108,Bread
1108,Pastry
1108,Medialuna
1109,Coffee
1110,Jam
1110,Bread
1111,Medialuna
1112,Medialuna
1112,Medialuna
1112,Bread
1113,NONE
1114,Coffee
1115,Coffee
1116,Bread
1117,Coffee
1117,Muffin
1118,Medialuna
1118,Bread
1119,Bread
1120,Bread
1120,Medialuna
1121,Coffee
1121,Pastry
1121,Brownie
1122,Medialuna
1122,Scandinavian
1123,Bread
1124,Coffee
1124,Muffin
1125,Bread
1125,NONE
1126,Coffee
1127,Medialuna
1127,Muffin
1128,Bread
1129,Coffee
1130,Alfajores
1130,Bread
1130,Scandinavian
1131,Coffee
1132,Bread
1133,Medialuna
1134,Coffee
1134,Scandinavian
1135,Coffee
1135,Tea
1135,Brownie
1135,Truffles
1135,Muffin
1136,Tartine
1136,Coffee
1136,NONE
1137,Coffee
1137,Coffee
1138,Alfajores
1138,Scandinavian
1139,NONE
1139,Coffee
1139,Medialuna
1139,Hot chocolate
1140,Coffee
1140,Muffin
1140,Alfajores
1141,Farm House
1141,Coffee
1141,Coffee
1141,Muffin
1141,Brownie
1142,Bread
1142,Coffee
1142,Medialuna
1142,Farm House
1143,Farm House
1143,Scandinavian
1144,Truffles
1144,Bread
1144,Coffee
1145,Frittata
1145,Soup
1145,Coffee
1145,Coffee
1146,Scandinavian
1146,Eggs
1147,Brownie
1147,Truffles
1147,Coffee
1147,Coffee
1148,Scandinavian
1149,Coke
1150,Sandwich
1150,Soup
1150,Coffee
1150,Alfajores
1151,Tea
1151,Juice
1151,Hearty & Seasonal
1151,Hearty & Seasonal
1152,Truffles
1153,NONE
1153,Coffee
1153,Coffee
1153,Muffin
1153,Brownie
1154,Bread
1155,Bowl Nic Pitt
1155,Frittata
1155,Muffin
1155,Coffee
1156,Soup
1156,Frittata
1156,Brownie
1156,Coffee
1156,Tea
1157,Hot chocolate
1157,Coffee
1157,Muffin
1157,Alfajores
1158,Scandinavian
1158,Keeping It Local
1158,NONE
1158,Tea
1158,Coffee
1158,Alfajores
1159,Bread
1160,Fudge
1161,Farm House
1162,Farm House
1163,Coffee
1163,Coffee
1163,Brownie
1163,Muffin
1164,Soup
1164,Coffee
1164,Bread
1165,Frittata
1165,Bread
1165,Muffin
1166,Farm House
1166,Bread
1166,Muffin
1167,Bread
1168,Bread
1168,Coffee
1168,Bread
1169,Farm House
1170,Bread
1170,Coffee
1170,Muffin
1170,Cookies
1171,Hot chocolate
1171,Coffee
1172,Muffin
1172,Jam
1173,Coffee
1173,Hot chocolate
1173,Tea
1174,Coffee
1174,Coffee
1174,Alfajores
1175,Tea
1175,Hearty & Seasonal
1175,Farm House
1176,Bread
1176,Coffee
1176,Alfajores
1176,Cookies
1177,Hearty & Seasonal
1177,Sandwich
1177,Bread
1177,Muffin
1177,Brownie
1178,Coffee
1178,Truffles
1178,Brownie
1178,Alfajores
1179,Coffee
1179,Tea
1179,Bread
1180,Tea
1180,Coffee
1180,Muffin
1180,Keeping It Local
1181,Coffee
1181,Alfajores
1182,Bread
1183,Tea
1183,Hot chocolate
1183,Alfajores
1184,Bread
1185,Alfajores
1185,Truffles
1186,Bread
1187,Bread
1187,Brownie
1187,Muffin
1188,Coffee
1188,Brownie
1188,Coffee
1189,Bread
1189,Bread
1190,Bread
1190,Alfajores
1190,Muffin
1191,Truffles
1191,Frittata
1192,Coffee
1193,Bread
1194,Coffee
1194,Muffin
1195,Muffin
1196,Juice
1197,Coffee
1198,Muffin
1199,Bread
1200,Coffee
1201,Tartine
1201,Coffee
1201,Tea
1202,Coffee
1203,Coffee
1203,Tea
1203,NONE
1204,Medialuna
1204,Coffee
1205,Medialuna
1205,Bread
1205,Coffee
1205,Pastry
1205,NONE
1205,Farm House
1206,Bread
1206,Pastry
1206,Bread
1207,Medialuna
1207,Coffee
1207,Bread
1208,Pastry
1209,Bread
1210,Medialuna
1210,Pastry
1210,Bread
1211,Coffee
1211,Keeping It Local
1212,Bread
1212,Farm House
1212,Jam
1212,Pastry
1213,Bread
1214,Coffee
1214,Medialuna
1215,Coffee
1216,NONE
1216,Tea
1216,Bread
1217,Bread
1217,Pastry
1218,Hearty & Seasonal
1219,Scandinavian
1220,Coffee
1220,Hot chocolate
1220,Pastry
1221,Bread
1221,Muffin
1222,Coffee
1222,Keeping It Local
1223,Bread
1223,Coffee
1223,Medialuna
1224,Coffee
1224,Pastry
1224,Bread
1225,Medialuna
1226,Brownie
1227,Muffin
1228,Hearty & Seasonal
1228,NONE
1229,Coffee
1229,Bread
1229,NONE
1230,Coffee
1230,Alfajores
1231,Coffee
1231,Coffee
1231,Keeping It Local
1231,Bread
1232,Bread
1233,Coffee
1234,NONE
1234,Coffee
1234,Coffee
1234,Hot chocolate
1234,Medialuna
1235,Brownie
1235,Bread
1236,Bread
1237,Sandwich
1237,NONE
1237,Coffee
1237,Coffee
1238,Bread
1238,Bread
1238,Brownie
1239,Brownie
1239,Coffee
1239,Bread
1240,Sandwich
1240,Brownie
1240,Hot chocolate
1240,Coffee
1241,Coffee
1242,Bread
1242,NONE
1242,Mineral water
1243,Coffee
1243,Coffee
1243,NONE
1244,Bread
1245,Bread
1246,Coffee
1247,Bread
1248,NONE
1248,Bacon
1248,Art Tray
1248,Coffee
1248,Coffee
1248,Juice
1249,Bread
1250,Coffee
1251,Hearty & Seasonal
1251,Coffee
1251,Tea
1252,Brownie
1252,Medialuna
1252,Muffin
1253,Bread
1254,Bread
1254,Brownie
1254,Muffin
1254,Bread
1254,My-5 Fruit Shoot
1255,Brownie
1255,Alfajores
1255,Coffee
1255,Bread
1256,Bread
1256,Jam
1256,Spread
1257,Brownie
1258,Coffee
1258,Hearty & Seasonal
1259,Bread
1259,Bread
1259,Keeping It Local
1259,NONE
1259,Hearty & Seasonal
1259,Tea
1260,Coffee
1260,Coke
1260,Mineral water
1260,Bread
1260,Brownie
1261,Muffin
1261,Coffee
1261,Tea
1262,Bread
1263,Bread
1264,Coffee
1264,Coffee
1264,Tea
1264,Frittata
1264,Keeping It Local
1264,Bread
1265,Cookies
1266,Bread
1266,Cake
1267,Coffee
1267,Coffee
1267,Fudge
1267,Bread
1268,Muffin
1269,Coffee
1269,Kids biscuit
1270,Juice
1270,Muffin
1270,Brownie
1271,Kids biscuit
1272,Kids biscuit
1273,Art Tray
1273,Tartine
1274,Fudge
1274,NONE
1274,My-5 Fruit Shoot
1274,Kids biscuit
1274,Muffin
1275,Coffee
1276,Coffee
1277,Tea
1277,Medialuna
1278,Medialuna
1278,Coffee
1279,Coffee
1280,Coffee
1280,Medialuna
1281,Pastry
1281,Coffee
1282,Keeping It Local
1282,NONE
1282,Tea
1282,Coffee
1282,Coffee
1283,Farm House
1284,Tea
1284,Truffles
1285,Farm House
1286,Coffee
1286,Keeping It Local
1287,Medialuna
1287,Truffles
1287,Tea
1288,Tea
1288,Keeping It Local
1289,Medialuna
1289,Pastry
1289,Truffles
1290,Pastry
1291,Focaccia
1291,Farm House
1292,Coffee
1292,Bread
1293,Coffee
1293,Truffles
1294,Coffee
1294,Coffee
1294,Kids biscuit
1295,NONE
1295,Coffee
1295,Tea
1296,Coffee
1296,Coffee
1297,Bread
1297,Bread
1298,Bread
1299,Medialuna
1300,Bread
1301,Tea
1301,Bread
1303,Mineral water
1303,Coffee
1303,Kids biscuit
1303,Muffin
1304,Pastry
1305,Coffee
1305,Keeping It Local
1306,Bread
1306,Sandwich
1306,Tea
1307,Fudge
1307,Fudge
1307,Bread
1307,Truffles
1308,Sandwich
1308,Coffee
1309,Coffee
1309,Tea
1309,Truffles
1310,Bread
1311,Sandwich
1311,Coffee
1311,Tea
1313,Coffee
1314,Sandwich
1314,Bread
1315,Hearty & Seasonal
1315,Hearty & Seasonal
1315,Alfajores
1315,Truffles
1316,Frittata
1316,Muffin
1316,Coffee
1316,Coffee
1317,Sandwich
1317,Hot chocolate
1317,Coffee
1317,Hearty & Seasonal
1317,Cookies
1318,Bread
1318,Bread
1318,Sandwich
1319,Farm House
1320,Coffee
1320,Muffin
1321,Scandinavian
1321,Bread
1322,Sandwich
1322,Soup
1322,Coffee
1322,Tea
1323,Farm House
1324,Coffee
1324,Tea
1325,Soup
1325,Jam
1325,Muffin
1325,Coffee
1326,Bread
1327,Coffee
1327,Soup
1328,Coffee
1328,Coffee
1328,Muffin
1329,Bread
1329,Muffin
1329,Kids biscuit
1330,Coffee
1330,Bread
1331,Coffee
1332,Muffin
1333,Ella's Kitchen Pouches
1333,Bread
1333,Muffin
1334,Soup
1334,Sandwich
1334,Frittata
1335,Bread
1335,Sandwich
1336,Coffee
1336,Bread
1336,Coffee
1336,Bread
1336,Cookies
1337,Bread
1337,Art Tray
1337,Tea
1337,Hot chocolate
1338,Art Tray
1338,Coffee
1338,Hot chocolate
1338,Juice
1338,Muffin
1339,Hot chocolate
1339,Coffee
1340,Farm House
1341,Farm House
1341,Muffin
1342,Coffee
1342,Medialuna
1343,Bread
1343,Keeping It Local
1344,Coffee
1345,Bread
1346,Medialuna
1346,Tea
1346,Coffee
1347,Hot chocolate
1348,Coffee
1349,Coke
1350,Coffee
1351,Farm House
1352,Coffee
1352,Coffee
1352,Keeping It Local
1352,Bread
1353,Coffee
1353,Truffles
1354,Coffee
1355,Coffee
1355,Tea
1355,Keeping It Local
1356,Coffee
1356,Keeping It Local
1357,Coffee
1357,Tea
1358,Coffee
1359,Coffee
1360,Coffee
1360,Bread
1361,Coffee
1361,NONE
1362,Bread
1363,Farm House
1364,Coffee
1364,Kids biscuit
1365,Tea
1365,Muffin
1366,Bread
1367,Coffee
1367,Pastry
1368,Scandinavian
1368,Coffee
1368,Soup
1369,Scandinavian
1369,Pastry
1369,Muffin
1370,Coffee
1370,Pastry
1371,Soup
1371,Hearty & Seasonal
1371,Tea
1372,Bread
1372,Scandinavian
1373,Scandinavian
1373,Bread
1373,Truffles
1374,Coffee
1374,Coffee
1374,Soup
1375,Medialuna
1375,Medialuna
1376,Coffee
1376,Coffee
1376,Medialuna
1376,Medialuna
1376,Bread
1377,Bread
1378,Coffee
1378,Bread
1379,Soup
1379,Sandwich
1380,Sandwich
1380,Hearty & Seasonal
1380,Coffee
1381,Soup
1382,Bread
1383,Soup
1383,Coffee
1383,Pastry
1384,Pastry
1384,Coffee
1384,Coffee
1386,Coffee
1386,Coffee
1386,Soup
1386,Bread
1387,Bread
1388,Coffee
1388,Coffee
1388,Sandwich
1388,Hearty & Seasonal
1389,Coffee
1389,Coffee
1389,Soup
1390,Bread
1391,Bread
1392,Bread
1393,Coffee
1394,Bread
1394,Soup
1395,Coffee
1395,Coffee
1395,Hearty & Seasonal
1395,Soup
1396,Scandinavian
1397,Coffee
1397,Medialuna
1398,Bread
1399,Bread
1399,Brownie
1400,Fudge
1401,Coke
1402,Coke
1403,Brownie
1403,Muffin
1404,Tea
1404,Bread
1404,Truffles
1404,Pastry
1405,Tea
1406,Bread
1406,Truffles
1407,Medialuna
1408,Coffee
1408,Medialuna
1409,Bread
1410,Pastry
1410,Coffee
1411,Coffee
1411,Bread
1411,NONE
1411,Jam
1412,Bread
1412,Coffee
1412,NONE
1413,Coke
1414,Bread
1415,Coffee
1415,Coffee
1416,Coffee
1417,Pastry
1418,Scandinavian
1418,Pastry
1418,NONE
1419,Bread
1419,NONE
1419,Granola
1420,Tea
1420,Coffee
1420,Pastry
1421,Bread
1421,Mineral water
1422,Tea
1422,Medialuna
1423,Brownie
1424,Tea
1424,Coffee
1424,Pastry
1425,Hot chocolate
1425,Coffee
1425,Cake
1426,Bread
1427,Bread
1427,Jam
1428,Scandinavian
1429,Bread
1429,Coffee
1429,Pastry
1429,Cake
1430,Bread
1431,Coffee
1432,Bread
1433,Coffee
1433,Cake
1434,Coffee
1435,Coffee
1436,Coffee
1436,Soup
1437,Scandinavian
1437,Bread
1438,Sandwich
1438,Soup
1438,Bread
1438,Cake
1439,Coffee
1439,Bread
1439,Tartine
1440,Soup
1441,Bread
1442,Soup
1442,Juice
1442,Brownie
1443,Coffee
1444,Hearty & Seasonal
1445,Coffee
1445,Soup
1445,Sandwich
1445,Tea
1445,Cake
1446,Tea
1446,Soup
1447,Coffee
1447,Bread
1447,Sandwich
1448,Soup
1448,Coffee
1449,Soup
1449,Coffee
1450,Tea
1450,Soup
1451,NONE
1451,Cake
1452,Coffee
1452,Tea
1452,Cake
1452,Muffin
1453,Bread
1454,Coffee
1454,Bread
1455,Coffee
1455,Tea
1456,Tea
1456,Soup
1457,Coffee
1457,Tea
1457,Cake
1458,Bread
1458,Bread
1459,Hearty & Seasonal
1460,Bread
1460,Mineral water
1460,Brownie
1461,Fudge
1462,Muffin
1462,Hot chocolate
1462,Coffee
1463,Tea
1463,Muffin
1464,Cake
1464,Coffee
1465,Victorian Sponge
1466,Soup
1466,Sandwich
1466,Tea
1467,Scandinavian
1468,Coffee
1469,Bread
1470,Tartine
1470,Bread
1470,Coffee
1471,Medialuna
1471,Medialuna
1472,Bread
1473,Bread
1473,Scandinavian
1474,Bread
1475,Coffee
1475,Medialuna
1476,Siblings
1477,Siblings
1478,Bread
1478,Medialuna
1479,Medialuna
1479,Pastry
1479,NONE
1480,Keeping It Local
1480,Tea
1482,Farm House
1483,Pastry
1484,Farm House
1485,NONE
1485,Tea
1486,Tea
1486,NONE
1486,Scandinavian
1487,Coffee
1487,Muffin
1488,Coffee
1490,Bread
1491,Farm House
1491,Scandinavian
1491,Coffee
1491,Pastry
1492,Coffee
1493,Coffee
1493,Keeping It Local
1494,NONE
1494,Bread
1495,Jam
1496,Alfajores
1496,Medialuna
1496,Coffee
1496,Bread
1497,Coffee
1497,Keeping It Local
1498,Coffee
1499,Bread
1500,Tea
1500,Muffin
1501,Coffee
1501,Hot chocolate
1501,Alfajores
1502,Bread
1502,Pastry
1502,Bread
1503,Coffee
1504,Bread
1505,Tea
1506,Coffee
1506,Sandwich
1507,Bread
1508,Soup
1509,Coffee
1510,Tea
1511,Coffee
1511,Soup
1511,Art Tray
1511,Pastry
1512,Hearty & Seasonal
1512,Mineral water
1512,Alfajores
1513,Bread
1514,Coffee
1514,Hearty & Seasonal
1514,Hearty & Seasonal
1514,Alfajores
1514,Alfajores
1514,Cake
1514,Bread
1515,NONE
1515,Coffee
1516,Bread
1517,Cake
1518,Bread
1519,Fudge
1520,Muffin
1521,Bread
1521,Coffee
1522,Coffee
1522,Hearty & Seasonal
1522,Sandwich
1522,Bread
1523,Soup
1523,Coffee
1524,Coffee
1524,Hearty & Seasonal
1524,Keeping It Local
1525,Bread
1526,Coffee
1526,Coffee
1527,Scandinavian
1528,Coffee
1528,Alfajores
1529,Coffee
1530,Soup
1530,Brownie
1531,Coffee
1531,Coffee
1532,Bread
1533,Bread
1534,Bread
1534,Scandinavian
1534,Coffee
1535,Coffee
1535,Coffee
1536,Coffee
1537,Soup
1538,Coffee
1538,Muffin
1539,Cake
1539,Bread
1539,Hot chocolate
1540,Coffee
1540,Cake
1541,Cake
1541,Alfajores
1541,Coffee
1541,Tea
1542,Bread
1543,Coffee
1544,Coffee
1544,Tea
1544,Hot chocolate
1544,Brownie
1544,Alfajores
1544,Bread
1545,Hot chocolate
1545,Tea
1545,Brownie
1545,Alfajores
1546,Coffee
1547,Scandinavian
1548,Coffee
1548,Cookies
1549,Bread
1549,Coffee
1550,Coffee
1550,Bread
1551,Coffee
1551,Medialuna
1552,NONE
1552,Coffee
1552,Coffee
1553,Coffee
1554,Medialuna
1554,Pastry
1555,Coffee
1555,Tea
1555,Pastry
1555,Muffin
1556,Coffee
1556,Pastry
1557,Bread
1557,Coffee
1557,Keeping It Local
1558,NONE
1558,Bread
1558,Bread
1558,Pastry
1559,NONE
1559,Coffee
1559,Medialuna
1560,NONE
1560,Bread
1561,Coffee
1562,NONE
1562,Coffee
1562,Coffee
1563,Bread
1564,Bread
1564,Tea
1564,Pastry
1565,Coffee
1565,Cookies
1566,Bread
1566,Bread
1566,NONE
1567,Coffee
1568,NONE
1568,Coffee
1569,NONE
1569,Tea
1569,Bread
1570,Coffee
1570,Coffee
1570,Medialuna
1570,Bread
1571,Bread
1571,NONE
1572,Pastry
1572,Coffee
1573,Coffee
1573,Pastry
1574,Coffee
1574,Bread
1574,Alfajores
1575,Coffee
1576,Bread
1577,Bread
1578,Farm House
1579,Bread
1580,Coffee
1580,Tea
1581,Coffee
1582,Coffee
1583,Coffee
1583,Soup
1584,Soup
1585,Farm House
1585,Pastry
1586,Soup
1587,Coffee
1588,Coffee
1588,Coffee
1588,Brownie
1589,Coffee
1589,Bread
1589,Sandwich
1590,Coffee
1591,Sandwich
1591,Soup
1591,Bread
1591,Tea
1592,Soup
1592,Art Tray
1592,My-5 Fruit Shoot
1592,Bread
1592,Muffin
1593,Tea
1593,Sandwich
1594,Bread
1594,Soup
1595,Soup
1595,Tea
1597,Farm House
1598,Mineral water
1598,Mineral water
1598,Coffee
1598,Soup
1598,Sandwich
1599,Bread
1599,Coffee
1599,Keeping It Local
1600,Soup
1600,Bread
1601,Art Tray
1601,Coffee
1601,Bread
1601,Hearty & Seasonal
1601,Hearty & Seasonal
1602,Bread
1603,Farm House
1604,Brownie
1605,Farm House
1606,Bread
1606,Soup
1606,Alfajores
1607,Coke
1607,Coffee
1607,Medialuna
1607,Cake
1608,Scandinavian
1608,Alfajores
1608,Alfajores
1609,Scandinavian
1610,Hot chocolate
1610,Pastry
1611,Coke
1611,Coffee
1611,Brownie
1612,Farm House
1613,Coffee
1613,Pastry
1614,Farm House
1615,Farm House
1616,Cookies
1616,Brownie
1616,Coffee
1616,Tea
1617,Tea
1617,Coffee
1617,Medialuna
1617,Cookies
1617,Farm House
1618,Bread
1618,Coffee
1619,Coffee
1620,Tea
1620,Coffee
1620,Alfajores
1621,Bread
1621,Hot chocolate
1621,Coffee
1622,Medialuna
1622,Tea
1623,Coke
1624,Medialuna
1625,Fudge
1625,Fudge
1626,Tea
1626,Muffin
1627,Alfajores
1627,Coffee
1629,Pastry
1629,Bread
1630,Pastry
1630,Coffee
1631,Coffee
1632,Bread
1633,Bread
1634,Coffee
1634,Keeping It Local
1634,Tea
1635,Bread
1635,Pastry
1635,Medialuna
1636,Farm House
1636,Medialuna
1636,Coffee
1637,Coffee
1637,Pastry
1638,Coffee
1639,Coffee
1640,Coffee
1640,Keeping It Local
1640,Medialuna
1641,NONE
1641,Pastry
1641,Bread
1641,Coffee
1642,Farm House
1643,Bread
1643,Bread
1644,Bread
1644,Bread
1644,Tea
1644,Keeping It Local
1645,Bread
1645,Medialuna
1645,Keeping It Local
1645,Coffee
1646,Bread
1646,Coffee
1646,Medialuna
1646,Bread
1647,Coffee
1648,Bread
1649,Medialuna
1649,Pastry
1649,Bread
1650,Bread
1650,Pastry
1651,Medialuna
1651,Coffee
1652,Bread
1653,Bread
1654,Coffee
1654,Coffee
1655,Focaccia
1656,Coffee
1657,Hot chocolate
1657,Pastry
1658,NONE
1658,Coffee
1658,Hot chocolate
1659,Bread
1660,Bread
1660,Coffee
1661,Pastry
1661,Scandinavian
1661,Muffin
1662,Focaccia
1662,Bread
1663,Bread
1664,Muffin
1665,Caramel bites
1665,Coffee
1665,Medialuna
1666,Tartine
1666,Tea
1666,Muffin
1667,Bread
1668,Bread
1668,Focaccia
1668,Tea
1668,Coffee
1669,Jam
1670,Focaccia
1671,Coffee
1671,Medialuna
1671,Muffin
1672,Bread
1672,Coffee
1673,Coffee
1673,Muffin
1674,Coffee
1675,Coffee
1676,NONE
1676,Bread
1677,Coffee
1677,Coffee
1678,Coffee
1678,Coffee
1679,Coffee
1679,Coffee
1680,Coffee
1681,NONE
1681,Tea
1682,Fudge
1683,Medialuna
1683,Bread
1683,Tea
1683,Coffee
1683,Coffee
1683,Ella's Kitchen Pouches
1684,Jammie Dodgers
1685,Bread
1686,Tea
1686,Coffee
1686,Soup
1686,Keeping It Local
1687,Coffee
1688,Coffee
1689,Coffee
1689,Muffin
1690,Coffee
1690,Bread
1690,Soup
1691,NONE
1691,Coffee
1691,Tea
1691,Medialuna
1692,Alfajores
1693,Bread
1694,Coffee
1694,Coffee
1694,Tartine
1694,Medialuna
1694,Pastry
1695,Tea
1695,Tartine
1696,Bread
1696,Coffee
1697,NONE
1697,Medialuna
1697,Coffee
1697,Bread
1698,NONE
1698,Bread
1698,Medialuna
1699,Focaccia
1700,Scandinavian
1701,Hearty & Seasonal
1701,Sandwich
1701,Coffee
1701,Mineral water
1702,Coffee
1702,Sandwich
1702,Sandwich
1703,Tea
1703,Scandinavian
1704,Coffee
1705,Coffee
1705,Coffee
1706,Soup
1706,Kids biscuit
1707,Coffee
1708,Bread
1709,Coffee
1710,Coffee
1711,Coffee
1711,Bread
1712,Cake
1712,Tea
1712,Muffin
1712,Coffee
1713,Hot chocolate
1714,Coffee
1714,Tea
1714,Cake
1715,Tea
1715,Coffee
1715,Muffin
1716,Jammie Dodgers
1716,Hot chocolate
1716,Hot chocolate
1716,Coffee
1716,Cookies
1717,Caramel bites
1717,Jammie Dodgers
1717,My-5 Fruit Shoot
1717,Bread
1718,Coffee
1719,Coffee
1719,Tea
1719,Caramel bites
1719,Kids biscuit
1720,Bread
1720,Coffee
1721,Bread
1721,Coffee
1721,Alfajores
1721,Bread
1722,Farm House
1723,Bread
1723,Jammie Dodgers
1723,Scandinavian
1724,Tea
1725,Alfajores
1725,Bread
1725,Tea
1725,Coffee
1726,Coffee
1726,Mineral water
1726,Tea
1727,Coffee
1727,Kids biscuit
1728,Kids biscuit
1728,Bread
1729,Coffee
1729,Coffee
1730,Bread
1731,Hot chocolate
1731,Coffee
1731,Cake
1732,Coffee
1732,Bread
1733,Scandinavian
1733,Pastry
1733,Juice
1734,Bread
1734,Coffee
1735,Bread
1736,Farm House
1736,Pastry
1736,Pastry
1736,Medialuna
1737,Alfajores
1737,Alfajores
1737,Coffee
1737,Coffee
1738,Bread
1739,Keeping It Local
1739,Coffee
1739,Coffee
1740,Scandinavian
1740,Pastry
1740,Hot chocolate
1740,Coffee
1740,Bread
1741,Bread
1742,Bread
1742,Coffee
1743,Pastry
1743,Coffee
1744,Smoothies
1744,Keeping It Local
1744,Coffee
1745,Coffee
1745,Coffee
1746,Pastry
1746,Medialuna
1747,Tea
1747,Cake
1748,Cake
1748,Mineral water
1749,Farm House
1749,Cake
1749,Medialuna
1749,Tea
1749,Coffee
1750,Hot chocolate
1750,Coffee
1750,Bread
1751,Bread
1752,Alfajores
1752,Cake
1752,Coffee
1752,Sandwich
1752,Sandwich
1752,My-5 Fruit Shoot
1753,Farm House
1754,Jam
1755,NONE
1755,Bread
1755,Coffee
1755,Cake
1756,Bread
1756,Coffee
1757,Tartine
1758,Bread
1758,Medialuna
1758,NONE
1758,Farm House
1759,Bread
1759,Brownie
1759,Cake
1760,Cake
1760,Mineral water
1760,Alfajores
1760,Coffee
1760,Coffee
1760,NONE
1761,NONE
1761,Bread
1762,Coffee
1762,Coffee
1763,Bread
1763,Jam
1764,Brownie
1765,Coffee
1765,NONE
1765,Sandwich
1765,Mineral water
1767,Coffee
1767,Coffee
1768,Bread
1769,Bread
1769,Mineral water
1770,Farm House
1771,Medialuna
1771,Coffee
1772,Juice
1772,Cookies
1772,Alfajores
1772,Coffee
1772,Focaccia
1773,Bread
1774,Sandwich
1774,Sandwich
1774,Brownie
1775,Alfajores
1775,Bread
1775,My-5 Fruit Shoot
1775,Juice
1776,Bread
1777,Fudge
1777,Dulce de Leche
1777,Coffee
1777,Cake
1777,Brownie
1778,Hot chocolate
1778,Coffee
1778,Cake
1779,Coffee
1779,Medialuna
1779,Alfajores
1780,Coffee
1780,Keeping It Local
1780,Farm House
1781,Bread
1782,Medialuna
1782,Truffles
1783,Cake
1783,Bread
1783,Tea
1783,Truffles
1784,Bread
1785,Coffee
1785,Brownie
1786,Coffee
1786,Bread
1787,Medialuna
1787,Brownie
1787,Tea
1788,Bread
1788,Scandinavian
1789,Medialuna
1789,Hot chocolate
1789,Cake
1789,Alfajores
1789,Truffles
1790,Brownie
1790,Medialuna
1790,Coffee
1791,Coffee
1791,Medialuna
1791,Truffles
1792,Cake
1792,Tea
1793,Mineral water
1793,Hot chocolate
1793,Cookies
1793,Cake
1794,Cookies
1795,Bread
1796,Hot chocolate
1796,Cake
1797,Truffles
1797,Farm House
1797,Bread
1798,Tea
1799,Farm House
1800,Coffee
1801,Coffee
1802,Bread
1803,Coffee
1804,Coffee
1805,Bread
1805,Pastry
1806,Coffee
1807,Coffee
1807,Farm House
1808,Keeping It Local
1808,Coffee
1808,Coffee
1809,Coffee
1809,Medialuna
1810,Coffee
1811,Coffee
1811,Pastry
1812,Tea
1813,Coffee
1813,Keeping It Local
1814,Pastry
1814,Coffee
1814,Smoothies
1815,Coffee
1815,Muffin
1815,Medialuna
1816,Coffee
1816,NONE
1817,Coffee
1818,Coffee
1819,Coffee
1819,Tea
1819,Farm House
1819,Brownie
1820,Coffee
1821,Coffee
1821,Bread
1821,Coffee
1821,NONE
1821,Keeping It Local
1821,NONE
1822,NONE
1822,Tea
1823,Coffee
1823,Bread
1824,Farm House
1825,Coffee
1826,Sandwich
1827,Farm House
1827,Scandinavian
1828,Coffee
1829,Coffee
1829,Cake
1830,Bread
1830,NONE
1830,Tea
1831,Truffles
1832,Bread
1832,Fudge
1832,Medialuna
1832,Pastry
1833,Bread
1834,Tea
1834,Brownie
1834,Cake
1835,Juice
1835,Medialuna
1836,Tea
1836,Cake
1837,Coffee
1837,Tea
1837,Sandwich
1837,Medialuna
1837,Bread
1838,Alfajores
1839,Coffee
1839,Coffee
1840,Cookies
1840,My-5 Fruit Shoot
1840,Coffee
1840,Keeping It Local
1841,Hot chocolate
1841,Hot chocolate
1841,Bread
1841,Alfajores
1842,Bread
1843,Farm House
1844,Coffee
1844,Juice
1844,Pastry
1845,Cookies
1846,Brownie
1847,Coffee
1847,Medialuna
1848,Keeping It Local
1848,Coffee
1849,Tea
1850,Tea
1850,Medialuna
1851,Scandinavian
1851,Bread
1852,Scandinavian
1852,Bread
1853,Pastry
1853,Keeping It Local
1853,Coffee
1853,Hot chocolate
1854,Bread
1855,Coffee
1856,Bread
1857,Coffee
1857,Cookies
1858,Coffee
1858,Coffee
1858,Pastry
1859,Tea
1860,Coffee
1860,Brownie
1860,Bread
1861,Sandwich
1861,Coke
1862,Cake
1862,Bread
1862,Tea
1862,Medialuna
1863,Bread
1864,Coffee
1864,Medialuna
1864,Brownie
1865,Bread
1866,Coffee
1867,Medialuna
1868,Coffee
1868,Scandinavian
1868,Medialuna
1869,Tea
1869,Brownie
1869,NONE
1870,Coffee
1870,Pastry
1871,Coffee
1872,Fudge
1872,Cake
1872,Coffee
1872,Tea
1873,Bread
1874,Coffee
1874,Cake
1875,Sandwich
1875,Coffee
1875,Coffee
1875,Tea
1875,Brownie
1875,Cake
1876,Coffee
1876,Alfajores
1876,Coffee
1876,Cake
1877,Coffee
1877,Coffee
1878,Mineral water
1879,Coffee
1879,Cookies
1880,Bread
1880,Cake
1881,Bread
1882,Coffee
1884,NONE
1885,Tea
1885,Brownie
1885,Cake
1886,Hot chocolate
1886,Hot chocolate
1886,Medialuna
1887,Hot chocolate
1888,Coffee
1888,Bread
1889,Cake
1889,Coffee
1890,Coffee
1890,Cake
1891,Hot chocolate
1891,Medialuna
1891,NONE
1891,Coffee
1892,Hot chocolate
1892,Medialuna
1892,NONE
1892,Coffee
1893,Coffee
1893,Hot chocolate
1893,Medialuna
1893,NONE
1894,Coffee
1894,Keeping It Local
1894,Bread
1895,Coffee
1896,NONE
1896,Coffee
1897,Coffee
1898,Coffee
1898,Bread
1899,Coffee
1899,Sandwich
1900,Bread
1900,Keeping It Local
1900,Cake
1901,Coffee
1902,Brownie
1902,Cookies
1903,Bread
1904,NONE
1904,Juice
1904,Bread
1905,Coffee
1905,Cookies
1906,Coffee
1907,Coffee
1907,Medialuna
1907,Cookies
1907,Tea
1908,Tea
1908,Cookies
1909,NONE
1909,Mineral water
1910,Coffee
1910,Bread
1910,Tea
1910,Pastry
1910,Tiffin
1910,Cake
1911,Coffee
1912,Cookies
1913,Sandwich
1914,Coffee
1915,Tea
1915,Sandwich
1916,Jam
1917,NONE
1917,Brownie
1917,Tea
1919,Bread
1920,Bread
1920,Olum & polenta
1921,Bread
1922,Polenta
1922,Tea
1923,Coffee
1923,Sandwich
1924,Coffee
1925,Coffee
1925,Cake
1926,Tea
1926,Coffee
1926,Alfajores
1927,Coke
1928,Coffee
1929,Coffee
1930,Coffee
1930,Medialuna
1931,Cookies
1931,Bread
1932,Coffee
1933,Coffee
1933,NONE
1934,Bread
1935,Bread
1936,Coffee
1937,Coffee
1938,Hot chocolate
1939,Pastry
1940,Coffee
1940,Keeping It Local
1941,Pastry
1941,Bread
1942,Bread
1942,Keeping It Local
1943,Pastry
1943,NONE
1944,Hot chocolate
1945,Coffee
1945,Pastry
1946,Bread
1946,Medialuna
1947,Medialuna
1947,Medialuna
1947,Pastry
1947,Alfajores
1948,Coffee
1949,Coffee
1950,Tea
1950,Cake
1951,Coffee
1951,Bread
1952,Coffee
1953,Bread
1953,Tea
1953,Cake
1954,Bread
1954,Bread
1954,Coffee
1955,Coffee
1955,Alfajores
1956,Coffee
1956,NONE
1957,Bread
1957,Cookies
1958,Bread
1958,NONE
1958,Sandwich
1958,Tea
1959,Bread
1960,Tea
1960,Coffee
1960,Cake
1961,Bread
1962,Hot chocolate
1962,Brownie
1963,Bread
1964,Tea
1964,Coffee
1965,Coffee
1965,Cake
1966,The Nomad
1966,Bread
1966,Tea
1967,NONE
1967,NONE
1967,Coffee
1967,Smoothies
1968,Bread
1969,Bread
1970,Coffee
1970,Bread
1971,Coffee
1971,Cake
1972,Fudge
1972,Coffee
1972,Coffee
1972,Sandwich
1973,Brownie
1974,Bread
1974,Sandwich
1975,Coffee
1976,Bread
1976,Brownie
1977,Sandwich
1978,Coffee
1978,Sandwich
1978,Hearty & Seasonal
1979,Coffee
1980,Tea
1980,Cake
1981,NONE
1981,Coffee
1981,Bread
1982,Coffee
1982,Sandwich
1983,Coffee
1984,Cake
1985,Coffee
1985,Alfajores
1986,Coffee
1986,Cake
1987,Tea
1987,Tea
1988,Bread
1989,Tea
1989,Cake
1990,Brownie
1990,Alfajores
1991,Hack the stack
1991,Art Tray
1991,Coffee
1992,Tea
1993,Coffee
1993,Cake
1994,Coffee
1994,Coke
1995,Hack the stack
1995,My-5 Fruit Shoot
1995,Tea
1995,Art Tray
1996,Ella's Kitchen Pouches
1997,Coffee
1997,Medialuna
1998,Coffee
1998,NONE
1999,Coffee
1999,Coffee
2000,Coffee
2000,Bread
2001,Coffee
2001,Medialuna
2002,Coffee
2003,Coffee
2004,Coffee
2004,Pastry
2004,Bread
2005,Bread
2005,Coffee
2006,Bread
2007,Keeping It Local
2007,Coffee
2007,Bread
2008,Coffee
2009,Coffee
2009,Coffee
2010,Keeping It Local
2010,Tea
2010,Brownie
2010,Bread
2011,Coffee
2011,Pastry
2012,Bread
2013,Coffee
2013,Cake
2014,Coffee
2014,Keeping It Local
2015,Coffee
2016,Bread
2016,Medialuna
2017,Bread
2017,Focaccia
2018,Medialuna
2018,Coffee
2019,Bread
2020,Coffee
2020,Coffee
2021,Coffee
2022,Bread
2023,Farm House
2024,Coffee
2024,Pastry
2025,Cookies
2025,Juice
2025,Tea
2025,Alfajores
2026,Coffee
2026,Alfajores
2027,Coffee
2027,Sandwich
2028,Coffee
2029,Coffee
2029,Coffee
2030,Bread
2031,Coffee
2031,Bread
2031,NONE
2032,NONE
2033,Coffee
2034,NONE
2034,Tea
2035,Sandwich
2035,Bread
2036,Tea
2036,NONE
2036,Art Tray
2037,Bread
2038,Coffee
2038,Cake
2039,Mineral water
2039,Coffee
2039,NONE
2040,NONE
2040,Mineral water
2041,Tartine
2042,NONE
2042,Coffee
2043,Bread
2043,Coffee
2044,Bread
2045,Hot chocolate
2045,Bread
2045,NONE
2045,Sandwich
2047,NONE
2048,NONE
2048,Juice
2049,Bread
2049,NONE
2050,NONE
2050,Mineral water
2051,Sandwich
2051,Bread
2051,Jam
2052,Coffee
2052,Sandwich
2052,Bread
2053,Tea
2053,NONE
2054,Tea
2055,Bread
2055,Pastry
2057,Coffee
2057,Tea
2058,Bread
2058,Brownie
2059,Alfajores
2059,Alfajores
2059,Bread
2060,NONE
2061,Coffee
2061,Medialuna
2062,Medialuna
2063,Coffee
2063,Bread
2063,Pastry
2063,Medialuna
2065,Tea
2065,Alfajores
2065,Cake
2066,Tea
2066,Brownie
2066,Alfajores
2066,Pastry
2066,Bread
2067,Medialuna
2067,Pastry
2068,Brownie
2069,Bread
2070,Coffee
2071,Bread
2071,Coffee
2071,Bread
2072,Bread
2073,Bread
2073,Coffee
2073,Medialuna
2074,Bread
2075,Bread
2076,Pastry
2077,NONE
2077,Bread
2078,Farm House
2079,Medialuna
2079,Scandinavian
2079,Coffee
2080,Coffee
2081,Coffee
2082,Bread
2082,Medialuna
2083,Cake
2084,Muffin
2084,Coffee
2085,Bread
2086,Scandinavian
2087,Muffin
2088,Scandinavian
2089,Coffee
2090,Bread
2091,Bread
2092,Coffee
2092,Medialuna
2093,Bread
2094,Medialuna
2094,Bread
2094,Tea
2094,Coffee
2094,NONE
2095,Bread
2096,Cake
2096,Muffin
2096,Muffin
2096,Jam
2097,Bread
2097,Pastry
2098,Coffee
2099,Coffee
2100,Scandinavian
2101,Scandinavian
2102,Pastry
2102,Medialuna
2102,Coffee
2103,Medialuna
2103,Pastry
2103,Bread
2103,Coffee
2104,NONE
2104,Medialuna
2104,Bread
2105,Coffee
2105,Tea
2105,Pastry
2106,Coffee
2107,Juice
2108,Coffee
2108,Coffee
2109,Muffin
2109,Cake
2109,Pastry
2109,Tea
2109,Coffee
2109,Coffee
2110,Hot chocolate
2111,Muffin
2112,Tartine
2112,NONE
2112,Juice
2112,Bread
2112,Coffee
2113,Coffee
2113,Fudge
2114,Coffee
2114,Bread
2115,Bread
2116,NONE
2116,Coffee
2116,Tea
2117,Coffee
2117,NONE
2117,Sandwich
2118,Coffee
2118,Coke
2118,Sandwich
2119,Scandinavian
2120,Tea
2120,Muffin
2121,Bread
2121,Scandinavian
2122,Coffee
2122,Coffee
2123,Coffee
2123,The Nomad
2123,Tartine
2124,Coffee
2124,Coffee
2124,Sandwich
2125,Coffee
2125,Alfajores
2126,Coffee
2126,Tea
2127,Scandinavian
2128,Bread
2129,NONE
2129,Mineral water
2130,Alfajores
2130,Muffin
2130,Cake
2131,Tea
2132,Bread
2133,NONE
2133,Bread
2134,Scandinavian
2135,Coffee
2135,Bread
2135,NONE
2135,Sandwich
2136,Hot chocolate
2136,Tea
2137,Muffin
2138,Sandwich
2138,Coffee
2139,NONE
2140,Bread
2141,NONE
2141,Muffin
2141,Coffee
2142,Coffee
2142,Coffee
2142,Pastry
2142,Cake
2143,Tea
2143,Hot chocolate
2143,Cookies
2143,Cake
2144,Cake
2145,Sandwich
2145,Bread
2146,Bakewell
2146,Coffee
2147,Alfajores
2147,Bread
2147,Tea
2148,Sandwich
2148,Medialuna
2148,Tea
2148,Coffee
2149,Bread
2149,Tea
2149,Alfajores
2149,Medialuna
2150,Bread
2150,Muffin
2150,Coffee
2151,Hot chocolate
2151,Bread
2151,Muffin
2151,Coffee
2151,Pastry
2152,Tea
2152,Alfajores
2153,Bakewell
2153,Cake
2154,Focaccia
2155,NONE
2155,Tea
2155,Pastry
2155,Bakewell
2156,NONE
2156,Alfajores
2156,Alfajores
2156,Coffee
2156,Coffee
2156,Coffee
2157,Coffee
2157,Alfajores
2158,Coffee
2158,The Nomad
2158,NONE
2158,Bread
2159,Coffee
2160,Coffee
2160,Jammie Dodgers
2160,NONE
2160,Juice
2161,Medialuna
2162,Coffee
2162,Tea
2162,Juice
2162,Smoothies
2162,Jammie Dodgers
2162,Muffin
2162,Juice
2162,Bakewell
2163,Cake
2163,Pastry
2164,Coffee
2164,Brownie
2165,Juice
2165,Jammie Dodgers
2166,Coffee
2167,Coffee
2167,Bakewell
2168,Bread
2168,Tea
2168,NONE
2168,Pastry
2169,Bread
2169,Coffee
2169,Bread
2169,Hot chocolate
2170,NONE
2170,Pastry
2170,Coffee
2170,Hot chocolate
2171,Bread
2171,Bread
2171,Coffee
2172,Alfajores
2172,Pastry
2173,Bread
2174,Coffee
2174,Hot chocolate
2174,Muffin
2175,Bread
2175,Coffee
2175,Coffee
2175,Smoothies
2175,Pastry
2176,Brownie
2176,Hot chocolate
2176,Coffee
2177,Tartine
2177,Hearty & Seasonal
2178,Fudge
2179,Bread
2180,Coffee
2181,Coffee
2181,Keeping It Local
2182,Coffee
2182,Tea
2182,Medialuna
2183,Medialuna
2183,Jammie Dodgers
2183,Tea
2183,Hot chocolate
2183,NONE
2183,Muffin
2184,NONE
2184,Coffee
2185,Coffee
2185,Keeping It Local
2186,Coffee
2186,Medialuna
2186,Coffee
2187,Bread
2187,Hot chocolate
2187,Medialuna
2188,Bread
2189,Bread
2190,Muffin
2190,Muffin
2190,Brownie
2190,Alfajores
2190,Hot chocolate
2190,Coffee
2190,Coffee
2191,Pastry
2192,Brownie
2192,Coffee
2193,Jammie Dodgers
2194,Coffee
2194,Hearty & Seasonal
2195,Art Tray
2195,Hearty & Seasonal
2195,Hearty & Seasonal
2195,Tea
2195,Coffee
2196,Coffee
2196,Coffee
2196,Coffee
2196,Alfajores
2196,Brownie
2197,Coffee
2197,Coffee
2197,Medialuna
2197,Hearty & Seasonal
2198,Coffee
2198,Bread
2198,Farm House
2199,Farm House
2200,Coffee
2200,Tea
2200,Cake
2201,Hearty & Seasonal
2201,Tea
2202,Hot chocolate
2202,Coffee
2202,Coffee
2203,Bakewell
2203,Cake
2204,Coffee
2204,Hearty & Seasonal
2205,Coffee
2205,Muffin
2206,Cake
2206,Brownie
2207,Coffee
2207,Coffee
2207,Sandwich
2207,NONE
2207,Bakewell
2207,Cookies
2207,Art Tray
2208,Bakewell
2209,Coffee
2210,Coffee
2210,Coffee
2210,Medialuna
2210,Cookies
2211,Alfajores
2211,Cake
2211,Coffee
2211,Coffee
2212,Fudge
2213,Mineral water
2213,NONE
2214,Brownie
2214,Bakewell
2214,Bread
2214,Coffee
2215,Coffee
2215,Tea
2216,Coffee
2217,Coffee
2217,Bread
2218,Pastry
2219,Bread
2220,Medialuna
2220,Coffee
2221,Coffee
2222,Ella's Kitchen Pouches
2222,Coffee
2223,Coffee
2223,Pastry
2224,Coffee
2225,Coffee
2225,Tartine
2225,NONE
2226,Bread
2227,Coffee
2228,Tea
2228,Coffee
2229,Coffee
2229,Coffee
2229,Medialuna
2229,Pastry
2230,Pastry
2230,Coffee
2231,Coffee
2231,Medialuna
2232,Tea
2232,Coffee
2232,Keeping It Local
2234,Pastry
2234,Bread
2234,Cookies
2234,Coffee
2234,Bread
2235,Jam
2235,Sandwich
2235,NONE
2235,Bread
2235,Smoothies
2236,Bread
2236,Cookies
2237,Bread
2238,Cookies
2238,Coffee
2238,Coffee
2239,Sandwich
2240,NONE
2241,Hot chocolate
2242,Bread
2242,Coffee
2242,Bakewell
2242,Lemon and coconut
2243,Coffee
2244,Coffee
2244,Coffee
2244,Lemon and coconut
2244,Sandwich
2245,Tea
2246,Bread
2246,Coffee
2247,NONE
2248,Bread
2249,Bread
2250,Coffee
2251,Coffee
2251,Hot chocolate
2251,Pastry
2251,Cake
2252,Bread
2253,Bread
2254,Bread
2255,Coffee
2255,Coffee
2256,Bread
2256,Tea
2256,Lemon and coconut
2256,Cake
2257,Pastry
2257,Medialuna
2257,Coffee
2257,Tea
2258,Bread
2259,Tea
2259,Coffee
2259,Tiffin
2259,Cookies
2259,Ella's Kitchen Pouches
2260,Coffee
2261,Pastry
2261,Pastry
2262,Pastry
2262,Bread
2262,Coffee
2263,Tea
2263,Keeping It Local
2264,Coffee
2265,Coffee
2265,Medialuna
2266,Bread
2267,NONE
2267,Keeping It Local
2267,Coffee
2267,Coffee
2268,Hot chocolate
2268,Pastry
2269,Bread
2270,Coffee
2270,Tea
2270,NONE
2271,Bread
2272,Coke
2273,Bread
2274,Bread
2274,Bread
2275,Coffee
2275,Coffee
2275,Medialuna
2275,Pastry
2276,Muffin
2276,Coffee
2277,Coffee
2277,Muffin
2278,Coffee
2278,Bread
2279,Farm House
2280,Muffin
2280,Coffee
2281,Bread
2281,Coffee
2281,Bread
2282,Coffee
2283,Coffee
2284,Scandinavian
2284,Farm House
2285,Coffee
2286,Tea
2287,Coffee
2287,Muffin
2288,Bread
2289,Bread
2289,Scandinavian
2290,Tea
2291,Medialuna
2291,Coffee
2292,NONE
2293,NONE
2294,Tea
2294,NONE
2295,Tea
2295,Sandwich
2296,Coffee
2296,Cake
2297,NONE
2297,Coffee
2297,Cake
2297,Muffin
2298,Cookies
2299,NONE
2300,Tea
2301,NONE
2301,Sandwich
2302,Farm House
2303,Cake
2303,NONE
2303,Sandwich
2304,Coffee
2304,Hot chocolate
2304,Cake
2304,Bread
2305,Tea
2305,Tea
2305,Muffin
2307,Coffee
2307,Tea
2307,Bread
2307,Fudge
2307,Jam
2308,Juice
2308,Tea
2308,Cookies
2309,Coffee
2309,Bread
2309,Cake
2310,Coke
2311,Tiffin
2311,Pastry
2312,Alfajores
2313,Tiffin
2313,Coffee
2314,Bread
2315,Bread
2316,Medialuna
2316,Bread
2317,Cake
2317,Bread
2318,Bread
2319,Farm House
2320,Medialuna
2320,Pastry
2321,Keeping It Local
2321,Cookies
2321,Coffee
2322,Coffee
2322,Coffee
2323,Coffee
2323,Tea
2323,Hot chocolate
2324,Smoothies
2325,Coffee
2325,Keeping It Local
2326,Coffee
2327,Farm House
2328,Tea
2328,Tea
2329,Bread
2329,Medialuna
2330,Pastry
2330,Bread
2331,Coffee
2331,Pastry
2332,Coffee
2332,Keeping It Local
2333,Coffee
2334,Bread
2335,Bread
2335,Cookies
2336,NONE
2337,Coffee
2338,Bread
2339,NONE
2339,Keeping It Local
2339,Coffee
2339,Fudge
2339,Jam
2340,Tea
2340,Hot chocolate
2340,Keeping It Local
2340,Coffee
2340,NONE
2340,Art Tray
2341,Coffee
2342,Coffee
2342,Cake
2343,Bread
2343,Bread
2343,Jammie Dodgers
2344,Muffin
2344,Smoothies
2345,NONE
2346,NONE
2346,Coffee
2346,Coffee
2346,Jammie Dodgers
2346,Cookies
2347,Coffee
2347,Cake
2347,Bread
2348,Bread
2348,Muffin
2348,Cookies
2349,NONE
2350,Bread
2351,NONE
2351,Tea
2352,Hot chocolate
2352,NONE
2352,Bread
2352,Alfajores
2353,Tea
2354,Muffin
2355,NONE
2355,Sandwich
2355,Mineral water
2355,Bread
2355,Coffee
2355,Alfajores
2355,Bread
2356,NONE
2356,Sandwich
2356,Alfajores
2357,Coffee
2358,Coffee
2358,Coffee
2358,Muffin
2359,Coffee
2359,Tiffin
2360,Coffee
2360,Bread
2361,Hot chocolate
2361,Cookies
2361,Hot chocolate
2362,Tea
2362,NONE
2363,Bread
2363,Hot chocolate
2364,Hot chocolate
2364,Fudge
2365,Coffee
2366,Coffee
2366,Tiffin
2367,Tiffin
2367,Bread
2367,Bread
